plan_type,D1,D2,D3,D4,D5,D6,D7,D8,D9,D10
EPO,1531.1615306122449,1870.0686693147964,2002.763997627521,2149.398078020932,2298.6764638346726,2536.6627639383155,2944.41449657869,3049.667704326923,3578.359579288026,4619.285113402061
HMO,1579.8153833402403,1906.3169267241378,1979.498577194753,2212.0104973716134,2505.448031914894,2590.8859631246964,2985.714774851317,3248.3918343195264,3674.75509009009,4640.322226890756
NAO,1616.0086538461537,1956.8851046025104,2032.2966304347826,2316.1853333333333,2678.8617475728156,2965.245185185185,2903.2731674208144,2878.660745341615,3858.872238095238,4621.599906976744
POS,1590.571795429815,2001.982253240279,2020.8480569948185,2238.302576505429,2495.4340883352206,2662.76321385902,2855.2449659863946,2946.764161490683,3669.8458370535714,4475.28407821229
PPO,1600.3992320819111,1907.2405371380614,2036.8091960297766,2289.514950980392,2483.499814395654,2750.3817655786347,2882.2032735961766,3248.493464249748,3671.9073411214954,4562.054640108646
