region,D1,D2,D3,D4,D5,D6,D7,D8,D9,D10
Central,1649.9806689342404,1866.4903427172585,1979.8109829059829,2216.329963414634,2506.4522972972973,2454.2693296089387,2967.9173090481786,3063.5791592920355,3491.3858020050125,4293.209417721519
East,1623.1385317750182,1916.0429725829727,1903.6233752093804,2265.2273295454547,2349.136889419252,2727.898276436303,2960.8373493975905,3136.487834612106,3557.7618644067798,4650.978074534161
North,1565.8500595238095,1846.269303547963,2008.0303767897515,2255.9924405125075,2556.040573108009,2628.3631118060985,2898.0111678366306,3161.1605064308683,3668.2505,4508.04766832034
South,1549.0716995841997,1990.2184278606965,2106.1170268542196,2250.6880961538463,2466.129103982301,2716.5647513481126,2872.2605159705163,3104.7015713425644,3745.6145438799076,4845.3639481105465
West,1560.3186576040782,1919.0906080525883,2010.4331813676908,2168.625532081377,2501.9666013071896,2667.500551977921,2957.3930062794348,3377.4430303030304,3782.621406113537,4416.679178785286
