sex,D1,D2,D3,D4,D5,D6,D7,D8,D9,D10
Female,1554.910964034112,1761.4651444880485,1883.1541270509047,1997.1771858774662,2150.035835764902,2206.5033020554065,2387.8624126008453,2571.2436975609758,2656.1361772727273,2932.3509814722083
Male,1559.9086344683808,1781.15623348804,1880.1668418708239,2008.8184637168142,2126.150079597822,2291.863520431073,2403.7115670800454,2524.7827782931354,2696.3162798315393,2965.557817708333
