region,D1,D2,D3,D4,D5,D6,D7,D8,D9,D10
Central,1670.2302560819462,1800.2775766016714,1883.5674506578948,2138.002853067047,2281.3240194489463,2233.699340101523,2492.559899280576,2668.283624535316,2798.1086303630364,3056.473486725664
East,1575.5372217502124,1816.9613079470196,1898.0452502453386,2062.1224730290455,2208.8636150234743,2375.9127665995975,2443.3037949167397,2584.6753478260866,2770.7644364754096,3064.2656561085973
North,1570.26496996997,1789.7235258814703,1910.063076923077,2057.0584028268554,2223.630453356582,2314.2429092609914,2421.822248427673,2689.8928442211054,2794.8267723880595,3127.310901467505
South,1573.3373836181497,1862.4146792668957,1961.362615156018,2064.1080617977527,2164.6452582159627,2286.6924404761908,2476.067837837838,2622.186295180723,2798.7017714723925,3104.6681432139885
West,1543.149362934363,1787.0694039735101,1961.1978156996586,2053.886896551724,2214.37732041049,2391.735749718151,2515.7575265700484,2640.582694610778,2830.602427409988,3025.218605527638
