sex,D1,D2,D3,D4,D5,D6,D7,D8,D9,D10
Female,1588.7857379462641,1806.307895480226,1933.0973929313932,2050.3419890635682,2209.9641971252568,2286.7771190893172,2467.6974351259873,2666.422332541568,2769.1418697756267,3059.1736092396536
Male,1577.6861439944616,1827.8499010950195,1926.3525694138389,2091.344125607217,2197.1986167146974,2371.9527352682494,2486.2874898934215,2609.2717036701406,2810.6827885921234,3090.3312862862863
