region,D1,D2,D3,D4,D5,D6,D7,D8,D9,D10
Central,1486.0294584837545,1692.345036231884,1547.362549019608,1632.543869731801,1852.4448288973383,1787.0665789473685,1803.4060557768923,2057.958095238095,2041.7516911764706,2132.7425316455697
East,1450.305653206651,1491.0058185840708,1615.554972826087,1581.5002015113348,1725.6858901098901,1740.5430327868853,1867.5423891625614,2005.4410487804878,2082.7314449541286,2177.2461630695443
North,1331.4748155737705,1493.2738085539715,1601.6245676274946,1703.6202552204174,1720.6146654611211,1815.6529999999998,1864.7646808510638,1999.7063033175357,2247.6875467775467,2293.5527433628317
South,1348.5568820678513,1538.7832385466036,1613.6063250883394,1619.2004761904761,1725.06454676259,1756.4878623188406,1850.3666047297297,1958.4499999999998,2044.0887893864015,2256.4587640449436
West,1237.919490084986,1510.7949400479615,1579.1872372372372,1738.5656703910615,1684.2505200945625,1943.494012944984,1970.2745325779038,2029.2410704225351,2039.9886842105261,2222.6145259938835
