region,D1,D2,D3,D4,D5,D6,D7,D8,D9,D10
Central,1641.2673840206185,1764.4464887640447,1819.2253756260434,2072.8376086956523,2217.0310543657333,2160.2884482758623,2422.9924633431087,2581.460171428572,2671.6315239726027,2894.85165735568
East,1559.777928388747,1770.4843933054394,1845.8326017874874,1982.2216243654823,2149.16602478551,2249.1147505197505,2362.9920501342885,2512.0358093126383,2642.855717321998,2920.586426035503
North,1549.3736500754148,1742.658347232752,1868.2451632833186,1991.7738478104811,2152.4957142857143,2247.9174310180783,2383.441938046068,2583.9568426501037,2676.9260714285715,3004.7488331515815
South,1540.3236854599406,1812.0790382387022,1913.167302779865,2002.920969213227,2101.298596730245,2231.041147169811,2380.60921133703,2520.4593183578622,2708.004023622047,2982.6205194805198
West,1511.8696209912537,1753.7444899904672,1928.0045871559632,1992.8503314917127,2143.2553596287703,2312.146812428078,2414.0614597815293,2549.576412776413,2722.011810551559,2913.6329778933678
