plan_type,D1,D2,D3,D4,D5,D6,D7,D8,D9,D10
EPO,1566.2717096018737,1761.1283521444695,1906.817414500684,2007.3792031425367,2143.158698630137,2281.9264935064934,2420.4614666666666,2583.064707646177,2802.4597,3050.9751145038167
HMO,1573.9627678571428,1833.646631840796,1932.3848366394398,2040.3705042412819,2230.848463735009,2325.709044510386,2489.966994791667,2664.8167334167706,2768.9874294294295,3109.971674707099
NAO,1675.6382386363637,1967.1776811594204,1923.0000625,2239.6911650485436,2238.005284090909,2305.6561589403973,2311.1553072625697,2561.421679389313,2834.972532467533,3017.589858156028
POS,1517.5564918851435,1842.516625,1924.866231231231,2123.278295194508,2183.785182679296,2384.7182326951397,2490.721924882629,2589.12111627907,2817.7782274741508,3038.9424398073834
PPO,1609.322902131783,1798.599591149591,1931.9908289855073,2083.6342369668246,2221.8701277068294,2315.3911508646393,2467.396373031496,2660.457511111111,2813.5074121996304,3089.05522875817
