plan_type,D1,D2,D3,D4,D5,D6,D7,D8,D9,D10
EPO,1527.9578984651712,1716.9457354618014,1852.2545152354571,1944.82291571754,2109.9696961325967,2229.9233771929826,2330.9958436724564,2487.9649692307694,2702.956544117647,2916.8321974522296
HMO,1543.2359697256386,1800.7286015037594,1881.9088488783943,1968.943513902205,2160.855142359094,2260.974236572118,2415.9940541976616,2558.1979819471308,2645.6978033602986,2994.986140100071
NAO,1650.8074285714285,1904.422205882353,1895.015786163522,2140.716766169154,2146.1148255813955,2141.864896551724,2246.1179545454547,2532.6074615384614,2702.848445945946,2850.992537313433
POS,1500.478120300752,1782.6736751152073,1886.0491969696968,2076.781273148148,2083.6314979195563,2269.122306525038,2407.803841536615,2497.2765023847373,2676.305246153846,2875.999712837838
PPO,1589.3030121654501,1751.9833009236752,1887.2030169888692,2016.2571965317918,2163.5990535211267,2233.2144336175397,2391.1020592667,2575.764102730819,2721.842791139241,2963.8877210884357
