plan_type,D1,D2,D3,D4,D5,D6,D7,D8,D9,D10
EPO,1352.2244520547945,1458.853222591362,1543.4101886792453,1695.34673992674,1740.9048255813955,1800.685073529412,1847.1080794701986,2044.7994346289752,2048.2322435897436,2364.9952029520296
HMO,1373.6813938618927,1562.969900373599,1622.1833431085045,1681.1450073421438,1713.2622977725673,1851.748976,1864.543627311522,2038.6735516739448,2098.1672965879266,2236.631438848921
NAO,1602.9720588235296,1719.8091379310347,1831.206,1528.5289130434783,1869.6248888888888,1602.942608695652,2036.8672727272726,1889.0702272727272,2228.5945,2269.4234375
POS,1270.447018181818,1478.891217948718,1644.6405058365758,1603.8882462686568,1818.2827575757578,1769.3679629629628,1843.1973846153846,2027.6267253521125,2054.109779179811,2130.9909122807017
PPO,1381.636735483871,1538.27413836478,1566.020263543192,1637.5750426136365,1702.3101346389228,1779.2490965732086,1892.0877303988996,1942.5086235955055,2124.4234817813767,2202.448669590643
