sex,D1,D2,D3,D4,D5,D6,D7,D8,D9,D10
Female,1348.7921375661376,1530.1753436592448,1607.5454101995565,1642.4365452653485,1722.7187257383966,1783.6546830985917,1846.8544016649325,1947.3525813449025,2127.517009345794,2243.582392502756
Male,1368.8650706880303,1544.1263055555555,1574.0746979865771,1640.464736251403,1751.353582787652,1814.7497052154195,1912.5477173913043,2068.040052910053,2088.573317669173,2206.6595647442873
